{
    "check_flatness_every": 500,
    "elapsed_time_secs": 0.0,
    "energies": [
        -32.0,
        -28.0,
        -24.0,
        -20.0,
        -16.0,
        -12.0,
        -8.0,
        -4.0,
        0.0,
        4.0,
        8.0,
        12.0,
        16.0,
        20.0,
        24.0,
        28.0,
        32.0
    ],
    "exch_every": 100,
    "flatness": 0.95,
    "initial_lnf": 1.0,
    "lattice_dim": 2,
    "lattice_length_x": 4,
    "lattice_length_y": 4,
    "lattice_type": "square",
    "ln_dos": [
        0.6931471805599454,
        0.0,
        3.467011271002606,
        4.156390441539601,
        6.060242755296543,
        7.461782036307171,
        8.801607420626,
        9.516182402106836,
        9.925156705039456,
        9.51316683362694,
        8.810948325279071,
        7.46337076924266,
        6.050705133895294,
        4.147321377838866,
        3.4619765355762997,
        0.0,
        0.7100432859313637
    ],
    "lnf_min": 1e-08,
    "mcs": 172500,
    "mode": "test",
    "model": "classical ferro ising",
    "normalization": "first_bin",
    "num_procs": 8,
    "num_procs_per_window": 2,
    "num_windows": 4,
    "overlap": 0.75,
    "random_seed_rank0": 125
}
