{
    "check_flatness_every": 500,
    "elapsed_time": 9.0,
    "energies": [
        -128.0,
        -124.0,
        -120.0,
        -116.0,
        -112.0,
        -108.0,
        -104.0,
        -100.0,
        -96.0,
        -92.0,
        -88.0,
        -84.0,
        -80.0,
        -76.0,
        -72.0,
        -68.0,
        -64.0,
        -60.0,
        -56.0,
        -52.0,
        -48.0,
        -44.0,
        -40.0,
        -36.0,
        -32.0,
        -28.0,
        -24.0,
        -20.0,
        -16.0,
        -12.0,
        -8.0,
        -4.0,
        0.0,
        4.0,
        8.0,
        12.0,
        16.0,
        20.0,
        24.0,
        28.0,
        32.0,
        36.0,
        40.0,
        44.0,
        48.0,
        52.0,
        56.0,
        60.0,
        64.0,
        68.0,
        72.0,
        76.0,
        80.0,
        84.0,
        88.0,
        92.0,
        96.0,
        100.0,
        104.0,
        108.0,
        112.0,
        116.0,
        120.0,
        124.0,
        128.0
    ],
    "exch_every": 100,
    "flatness": 0.95,
    "initial_lnf": 1.0,
    "lattice_dim": 2,
    "lattice_length": 8,
    "lattice_type": "square",
    "ln_dos": [
        0.6931471805599436,
        0.0,
        4.845842605414699,
        5.546355752232383,
        8.441725341561149,
        9.79633211154015,
        11.888832157435726,
        13.473160764160465,
        15.263314923229526,
        16.90780127603085,
        18.58892166424067,
        20.22686862010033,
        21.869684306862663,
        23.495367115321468,
        25.109724907162498,
        26.70179492789776,
        28.261603204491447,
        29.778912311377834,
        31.23768719840319,
        32.63637540485234,
        33.960672816219635,
        35.21145675513417,
        36.38245467651159,
        37.46306700255246,
        38.457285946193046,
        39.34800595599682,
        40.13761569182844,
        40.815781749742925,
        41.37761612791091,
        41.82408093843133,
        42.14694385412604,
        42.34125050711901,
        42.40471409070761,
        42.33763273242385,
        42.14380438621611,
        41.82343879896671,
        41.379351502242386,
        40.81448394800991,
        40.138142785015404,
        39.35176930665493,
        38.46467407695473,
        37.47315511289508,
        36.38945201966435,
        35.22056908435643,
        33.961046506608724,
        32.63727158396959,
        31.23599479995191,
        29.77615091759235,
        28.26179571538687,
        26.70187553945452,
        25.110153414267003,
        23.494623348074853,
        21.859483955385983,
        20.2173598659736,
        18.580273015382595,
        16.90803820915044,
        15.263860854278212,
        13.471012280280595,
        11.882339472840417,
        9.791744225616444,
        8.44929163246869,
        5.552230996969033,
        4.853913652668584,
        0.0,
        0.6974122747358571
    ],
    "lnf_min": 1e-08,
    "mode": "test",
    "model": "classical ferro ising",
    "num_procs": 8,
    "num_procs_per_window": 2,
    "num_windows": 4,
    "overlap": 0.75,
    "random_seed_rank0": 125
}
