{
    "dos": [
        "2",
        "0",
        "32",
        "64",
        "424",
        "1728",
        "6688",
        "13568",
        "20524",
        "13568",
        "6688",
        "1728",
        "424",
        "64",
        "32",
        "0",
        "2"
    ],
    "lattice_dim": 2,
    "lattice_length_x": 4,
    "lattice_length_y": 4,
    "lattice_type": "square",
    "ln_dos": [
        0.6931471805599453,
        0.0,
        3.4657359027997265,
        4.1588830833596715,
        6.049733455231958,
        7.454719949364001,
        8.808070154764538,
        9.515469358031684,
        9.929350212061856,
        9.515469358031684,
        8.808070154764538,
        7.454719949364001,
        6.049733455231958,
        4.1588830833596715,
        3.4657359027997265,
        0.0,
        0.6931471805599453
    ],
    "model": "classical ferro ising"
}
