{
    "dos": [
        "2",
        "0",
        "128",
        "256",
        "4672",
        "17920",
        "145408",
        "712960",
        "4274576",
        "22128384",
        "118551552",
        "610683392",
        "3150447680",
        "16043381504",
        "80748258688",
        "396915938304",
        "1887270677624",
        "8582140066816",
        "36967268348032",
        "149536933509376",
        "564033837424064",
        "1971511029384704",
        "6350698012553216",
        "18752030727310592",
        "50483110303426544",
        "123229776338119424",
        "271209458049836032",
        "535138987032308224",
        "941564975390477248",
        "1469940812209435392",
        "2027486077172296064",
        "2462494093546483712",
        "2627978003957146636",
        "2462494093546483712",
        "2027486077172296064",
        "1469940812209435392",
        "941564975390477248",
        "535138987032308224",
        "271209458049836032",
        "123229776338119424",
        "50483110303426544",
        "18752030727310592",
        "6350698012553216",
        "1971511029384704",
        "564033837424064",
        "149536933509376",
        "36967268348032",
        "8582140066816",
        "1887270677624",
        "396915938304",
        "80748258688",
        "16043381504",
        "3150447680",
        "610683392",
        "118551552",
        "22128384",
        "4274576",
        "712960",
        "145408",
        "17920",
        "4672",
        "256",
        "128",
        "0",
        "2"
    ],
    "lattice_dim": 2,
    "lattice_length_x": 8,
    "lattice_length_y": 8,
    "lattice_type": "square",
    "ln_dos": [
        0.6931471805599453,
        0.0,
        4.852030263919617,
        5.545177444479562,
        8.449342524508063,
        9.793672686528922,
        11.887298863200714,
        13.477180596840947,
        15.268195474147658,
        16.912371686315282,
        18.59085846191256,
        20.230089202801466,
        21.870810400320693,
        23.498562234123614,
        25.114602234581373,
        26.70699035290573,
        28.266152815389898,
        29.780704423363996,
        31.241053997806176,
        32.63856452513369,
        33.96613536105969,
        35.217576663643314,
        36.3873411250109,
        37.47007844691906,
        38.46041522581422,
        39.35282710786369,
        40.141667825183845,
        40.82130289691285,
        41.38631975325592,
        41.831753810069756,
        42.153328313883975,
        42.34770636939425,
        42.41274640460084,
        42.34770636939425,
        42.153328313883975,
        41.831753810069756,
        41.38631975325592,
        40.82130289691285,
        40.141667825183845,
        39.35282710786369,
        38.46041522581422,
        37.47007844691906,
        36.3873411250109,
        35.217576663643314,
        33.96613536105969,
        32.63856452513369,
        31.241053997806176,
        29.780704423363996,
        28.266152815389898,
        26.70699035290573,
        25.114602234581373,
        23.498562234123614,
        21.870810400320693,
        20.230089202801466,
        18.59085846191256,
        16.912371686315282,
        15.268195474147658,
        13.477180596840947,
        11.887298863200714,
        9.793672686528922,
        8.449342524508063,
        5.545177444479562,
        4.852030263919617,
        0.0,
        0.6931471805599453
    ],
    "model": "classical ferro ising"
}
